Country,Industry,2010,2011,2012,2013,2014,2015,2016,2017,2018,2019,2020,2021,2022
Advanced Economies,"Agriculture, Forestry and Fishing",195.40050029,192.92437170000002,193.8394538,191.49746772,192.41373719,194.96590860999999,189.01460679000002,190.79853339,189.59330817,189.20064436,184.77129559,188.24150676,182.6349859
Advanced Economies,Construction,323.82245584,300.00613222000004,304.93432416999997,312.07465824999997,312.85175874000004,328.32297435,336.95790309,335.82628267,340.77512997,348.07213291000005,345.09757636999996,354.75970268,360.00346316
Advanced Economies,"Electricity, Gas, Steam and Air Conditioning Supply",4538.991298000001,4478.421755,4415.683738,4364.45464,4245.955898,4084.5444418,3708.7237333000003,3601.8206112,3514.5153855,3232.5606251,2936.0803739000003,3089.7457615,3100.8819279
Advanced Economies,Manufacturing,2584.5480447,2596.2431849,2560.7582596,2582.8341919,2559.8740466,2529.3161941,2241.5354492999995,2237.5089334,2244.3021046,2211.4177796000004,2055.4827194,2134.0421539,2092.1623783
Advanced Economies,Mining,304.89998635,318.81487963,319.46744904,334.57196817,339.86649889,316.422099,291.75186519,316.75803643,345.76676691,352.51648296999997,311.11405345000003,312.74662297,309.65536081
Advanced Economies,Other Services Industries,1115.7206791,1067.8997411,1036.6839917,1079.1321467,1072.9105175,1109.3398057,1040.0345615,1051.5609273,1093.8974834,1097.3744511999998,1007.9322043999999,1062.7601796999998,1076.2712113
Advanced Economies,Total Households,2308.3081524,2223.5058657,2169.9473334,2212.5418627999998,2180.979612,2179.6694227,2126.7760516999997,2120.2938504,2158.2213875999996,2149.3401971,1903.1577227999999,2025.7335877,2032.8321216000002
Advanced Economies,Total Industry and Households,12933.058289,12737.202580000001,12537.73085,12619.295978,12441.114828999998,12330.007626,11513.080737,11486.808208,11570.738801,11278.856864000001,10149.568628,10682.732763,10759.043735
Advanced Economies,Transportation and Storage,1494.7668454999998,1494.1161335000002,1471.7663232999998,1477.4728321,1471.9383413,1522.8932160999998,1511.7922847,1564.2406038,1614.5859617,1628.4571352,1338.2427824000001,1447.0040795,1537.0432885999999
Advanced Economies,"Water supply; sewerage, waste management and remediation activities",66.60032537,65.27051569,64.64997607,64.71621078,64.32441793999999,64.5335626,66.49428189,68.00042916,69.08127254,69.91741528,67.68990007,67.69916836000002,67.55899693
Africa,"Agriculture, Forestry and Fishing",13.725200296,13.902054498999998,14.998108859,16.291397097999997,16.36643766,16.189238625,16.560194251000002,18.48017089,18.063780147000003,17.280530060999997,17.448904436,18.520583598,18.971205321
Africa,Construction,14.560899066000001,14.494328564999998,14.332419482,15.158448148,15.435730851,14.899867596,15.158885816,15.589795243000001,16.677782417,15.917822304,15.009847037,16.075515121000002,16.016404143
Africa,"Electricity, Gas, Steam and Air Conditioning Supply",420.88772475,416.23302231,440.9923928,450.9209915,479.00312859999997,475.50475240000003,474.69301509999997,478.4292765,483.0416562,505.13790529999994,455.53397759999996,478.0105402,464.40295419999995
Africa,Manufacturing,302.77863435,298.09901653000003,310.15022122,313.08636211,320.17476232,317.07780285,330.05934489,344.58238530000006,364.25033428,342.60068262,324.80521211999996,348.04790447999994,345.35457822
Africa,Mining,111.67981557,105.13348085,107.3103758,106.47168964,105.57185725999999,104.44830083,101.80407663,105.31504218,106.81970777000001,105.94108449000001,97.1033885,101.20579495999999,98.75619364
Africa,Other Services Industries,20.714811935,21.768840322,24.712546855,25.021749231,25.340031939,24.842296265,23.668628708,27.105433060000003,26.090209165999998,24.990776213,24.353233965999998,26.206600025,26.49841636
Africa,Total Households,174.08693609,181.45559151,199.51494832999998,213.03218885,220.78127908999997,221.49481153,225.64376627,233.58208433000001,236.40865749999998,236.86679788,221.50112255,240.55759321,251.34386136
Africa,Total Industry and Households,1248.8616871,1247.0010879000001,1321.3848368,1363.0416046,1414.6149351,1409.817826,1429.1883525,1470.7729758,1504.0893265000002,1503.3245119,1382.9471015000001,1475.7156717,1484.8432113
Africa,Transportation and Storage,184.52964688,189.7163792,202.33804073,215.93448086,224.72632459999997,228.28635401999998,234.85905910000002,239.96969209,245.30612582000003,247.46984192,220.25276945,239.62497018,255.94975096999997
Africa,"Water supply; sewerage, waste management and remediation activities",5.898018104,6.198374064,7.035782835,7.124297083,7.215382838,7.074402001999999,6.741381745,7.719096106,7.431073302,7.119071129,6.938645873,7.466169905,7.5498472119999995
Americas,"Agriculture, Forestry and Fishing",92.16338059,94.35134237,96.73061468,96.83431462,98.62397614000001,98.1530037,100.39694318,102.09922667,103.24325121999999,104.10853207000001,101.60046582,105.2702694,108.0341986
Americas,Construction,270.2656133,247.19122955999998,253.13514450999998,261.67113059999997,253.63130936,266.15230771999995,285.171468,283.50059942,286.49916147,293.29064344,292.77102104000005,296.94328149,305.88533663
Americas,"Electricity, Gas, Steam and Air Conditioning Supply",2764.4677033999997,2672.0344978000003,2579.433769,2601.6509803999998,2614.1982517,2496.5707436,2375.5800633999997,2281.7687447,2268.7716803000003,2118.9459217,1893.6777731,2037.9043142,1998.87176
Americas,Manufacturing,1431.638707,1471.8955505,1487.8981853,1494.5559130000001,1476.5285973999999,1430.2111760000003,1397.3602707,1408.5043484999999,1402.9851835,1395.2981492999997,1295.3125893,1332.8738695,1347.4948409
Americas,Mining,290.93198162000004,311.25374448,331.1208092,346.1743376,352.43635401,323.30864484,289.29916903000003,303.16062777999997,325.94653424,328.01834685,290.87712345,298.63470537,299.09170626
Americas,Other Services Industries,755.5856610000001,734.0987405,704.2017455,738.8717953,763.6190270000001,794.0881576,770.7797195,783.2620162,821.3216678,829.7484241,759.595504,804.5523874,832.8070195999999
Americas,Total Households,1432.7067597999999,1428.9517674,1391.5561072,1444.7527750000002,1482.8281769,1450.0355798,1439.5057172,1440.5201354,1485.0777994,1482.4070185,1276.4790885,1403.8874653,1455.585496
Americas,Total Industry and Households,8180.624211999999,8117.505741999999,8004.651277000001,8172.949291999999,8228.741536,8057.387831,7874.696523,7846.643103,7961.284422999999,7831.653601,6993.726884,7468.993888999999,7613.88904
Americas,Transportation and Storage,1109.9594513999998,1124.5794146,1127.7340797,1154.7505973,1152.5046449,1164.3944845,1181.5948146,1207.7577393,1230.6475013,1242.9638618,1048.3163732,1152.8922204,1228.2779906
Americas,"Water supply; sewerage, waste management and remediation activities",32.904953922999994,33.149455458999995,32.840821391999995,33.68744841,34.371199256,34.473732521,35.0083579,36.069665762,36.791643444,36.872703504,35.096946124,36.035375920999996,37.840692349
Asia,"Agriculture, Forestry and Fishing",225.74787207,231.74592464000003,224.36739387,227.33017848999998,224.47555111999998,237.37071251,228.49673883999998,228.7638912,224.59955514,223.48966692,226.29446120000003,235.05402219,236.41817738
Asia,Construction,383.8546894,401.81176721,405.2061708,408.86702643,422.2014355,417.11219289999997,388.72412184,382.80615725,393.08363340999995,395.96322778,398.16677645000004,421.0642815,428.28091489999997
Asia,"Electricity, Gas, Steam and Air Conditioning Supply",6497.576616,7143.622711999999,7503.579274000001,7832.71022,8034.071405,7920.367799,7879.171539999999,8302.770435999999,8762.535331,8932.247108,8935.426051,9576.874003,9769.110068
Asia,Manufacturing,5823.9229940000005,6170.0556750000005,6294.429794000001,6452.302818,6580.656134,6514.645708,6204.038499,6222.716297999999,6406.090812,6551.764712,6555.526973999999,6827.6349199999995,6823.209897
Asia,Mining,985.6965524,1031.5994159,1053.3510441,1068.548605,1101.4720259,1090.0579221,1061.9183475999998,1059.4768652999999,1089.8512645,1097.9927630000002,1100.4576356999999,1157.1866820999999,1170.2516125000002
Asia,Other Services Industries,421.7500488,420.7853718,432.87195560000004,453.5365179,449.4426112,485.6359468,445.8217512,449.6564224,440.62795100000005,413.5548697,399.73291366,401.70677981999995,402.08025765
Asia,Total Households,1528.7176266,1603.0376754,1673.2380045000002,1714.2749006,1745.2387558,1787.2086725999998,1777.0792288999999,1834.5507062000001,1855.0297447,1841.7706484999999,1746.6001414000002,1818.8238205,1859.573209
Asia,Total Industry and Households,17321.824665,18528.661641,19184.646702000002,19815.338979,20285.989609,20252.287102000002,19807.406194000003,20390.002636999998,21148.871009,21433.397872,21120.296497,22282.536617,22588.279669
Asia,Transportation and Storage,1381.6974583,1451.1113586,1520.6734680999998,1578.9703605,1649.0136099,1718.3269055,1738.5173725,1824.6646013,1895.1454028,1897.5260357999998,1679.5161268999998,1759.0177778,1813.0692098000002
Asia,"Water supply; sewerage, waste management and remediation activities",72.86080847,74.89174077000001,76.92959587,78.79835366,79.41808153,81.56124233,83.63859586999999,84.59725802,81.90731464,79.08883939,78.57541675,85.17432918,86.28632135000001
Australia and New Zealand,"Agriculture, Forestry and Fishing",11.344848645999999,11.575843009,11.752574407000001,11.869420134000002,12.203448004,12.556312755,12.909154011999998,13.646616878000001,13.606811002,12.527633642,11.888421089,11.564206044,11.788492992
Australia and New Zealand,Construction,2.605919083,2.6042206039999996,2.587634627,2.523034745,2.590898831,2.891734802,3.141437875,3.491920694,3.9690318619999996,3.91627431,3.680720374,3.886951748,3.7026879640000003
Australia and New Zealand,"Electricity, Gas, Steam and Air Conditioning Supply",215.26479278,208.88934836,212.01235455,199.51844772,192.30199018,199.99279863,204.87283812,200.85771595999998,195.36614753,192.46611959,186.06081195000002,177.33178199,171.12249114000002
Australia and New Zealand,Manufacturing,74.16830339,74.67658881,72.99240397,73.42134959,73.30227056999999,68.72979061000001,65.82038691,65.14374264,65.07378200000001,64.38294299,62.45313602,61.67466442,61.07911254
Australia and New Zealand,Mining,22.102349597,22.890680861,24.593756374999998,26.944821186,28.184527355,29.546218402,33.050897185000004,39.207445938,43.763381370000005,50.46510701,48.71874829,47.09219231,46.72142752
Australia and New Zealand,Other Services Industries,5.070250033,4.993184738,5.06356205,5.1185511219999995,5.416549603,5.353399481,5.598450419,5.422823523,5.387277269999999,5.354123609,5.382228051,5.354984549,5.4691665060000005
Australia and New Zealand,Total Households,57.70819718,58.587122599999994,58.22490774,57.80105846,58.21546833000001,60.4246383,61.17621117,62.1259425,62.123672729999996,61.65667721,56.68586334,57.71888566,61.139325469999996
Australia and New Zealand,Total Industry and Households,459.32613599999996,457.6496739,460.92581359999997,451.5579724,448.07888859999997,457.1934956,465.4202336,470.6124358,472.2841473,472.7159189,447.3989806,438.9203902,442.66682820000005
Australia and New Zealand,Transportation and Storage,69.93369043999999,72.26557414999999,72.48977162,73.13653407,74.56350407,76.37065636,77.49213361000001,79.36043581,81.62149577,80.62900917,71.23622917,73.03015300999999,80.32009381
Australia and New Zealand,"Water supply; sewerage, waste management and remediation activities",1.1277848910000001,1.16711087,1.2088482820000002,1.224755388,1.300231662,1.3279462499999999,1.358724288,1.355791839,1.372547776,1.318031433,1.292822315,1.266570524,1.324030252
Central Asia,"Agriculture, Forestry and Fishing",16.137739362999998,16.037061397000002,15.303874495,15.498090376,15.248629991,15.426062782,15.801665936000001,15.912319666000002,16.17495643,14.841124753999999,17.269883616999998,21.255350049,22.552695812
Central Asia,Construction,7.359005643000001,7.725506657,7.8810162539999995,8.207197364,7.709834513,8.627213201,6.680392614,7.422570403999999,7.849843638,6.024747425999999,5.752921338,9.352489236,9.914606316
Central Asia,"Electricity, Gas, Steam and Air Conditioning Supply",145.02152713,150.52366167,157.3531776,158.23154250000002,163.96107906,159.81163859,161.10115051999998,170.49347143,169.77813512,172.45759177999997,172.49009291000002,183.25795750999998,186.53384942999998
Central Asia,Manufacturing,89.89545659000001,88.17464215000001,85.84021229,86.46801405,99.93406373,106.89691513,110.80832245,113.05995212,121.19570644000001,108.69497091000001,99.06611489,94.97612308000001,96.9252068
Central Asia,Mining,32.780864345,30.515615298,31.623330930999998,32.992536461,43.60858591,37.440952212,38.124942393,38.709542255,42.575226401,34.22335872000001,32.317315717,32.70875980700001,27.909468128999997
Central Asia,Other Services Industries,49.13664806999999,42.31291772,41.353930365,44.546840190000005,45.79998797,50.66501821,51.58248453,53.61394737,52.87974314,39.237554575000004,35.29007686,26.495387711000003,27.95771228
Central Asia,Total Households,60.408296799999995,64.87062979,60.01935375,56.95887967,65.43185414999999,65.43758961,68.82670326,74.78615692,77.93469226,85.84938539999999,79.05809986,95.60200409999999,107.27850658
Central Asia,Total Industry and Households,451.0759064,450.0877367,447.40504955,450.07341894,488.5253867,489.7910663,499.9326523,521.1181506,537.9908750000001,508.274769,486.7232673,515.5465690999999,533.9061967
Central Asia,Transportation and Storage,45.074987122,44.57959295,43.215747386000004,42.513321822,42.499497303,41.374544549,42.635797029,42.538689696999995,45.3045331,42.865535442,40.828277189000005,44.04473834000001,46.521389795000005
Central Asia,"Water supply; sewerage, waste management and remediation activities",5.261381243,5.348109043,4.814406511,4.656996502,4.331854064,4.111132083999999,4.371193656000001,4.581500627,4.298038354,4.08050002,4.650484815,7.853759263000001,8.312761657
Eastern Asia,"Agriculture, Forestry and Fishing",107.8601397,111.63645958000001,115.25220176,117.8732258,113.35018452,119.73762135,107.39670212,104.97202278,97.08229756,95.80184544,94.17844994000001,96.12643867,93.55445564
Eastern Asia,Construction,274.99631292,288.82417512999996,291.6622086,293.75741568,302.26766267000005,295.01615475,267.901379,256.77718338,263.67317525,265.10628662,272.70541034999997,284.65326968,285.05088156
Eastern Asia,"Electricity, Gas, Steam and Air Conditioning Supply",4369.8423069,4923.023547,5093.470625,5375.511816,5382.543562999999,5228.824145,5132.452755,5423.1571220000005,5752.402886000001,5890.947422000001,6016.7851200000005,6476.311579,6553.489791
Eastern Asia,Manufacturing,4268.143731,4515.126200999999,4602.751412,4733.091851000001,4779.239236,4669.512329,4310.667162,4264.306234,4378.520397,4506.126168000001,4565.037892,4717.069864,4642.434445999999
Eastern Asia,Mining,650.8438991,684.1925536,694.812433,704.1143261,706.3455528000001,695.0678954,659.2261803,642.3443606000001,664.1327286999999,678.8934574,696.9603751,729.4402352,735.2587110999999
Eastern Asia,Other Services Industries,263.15397237,268.88751599,274.73322906,286.77120104,281.17846857000006,287.7826636,242.80839103,243.77634460000002,237.04932395999998,222.71205561,216.81272054000002,222.55634868,219.63742516
Eastern Asia,Total Households,767.3430757,805.2208413000001,840.1772701,870.3856577,876.0043681000001,921.0655567,878.5035371,891.2896215,888.9150139,858.9443097,828.9533119,853.5331805999999,829.9654474
Eastern Asia,Total Industry and Households,11440.84432,12371.946991,12722.581905000001,13235.810353,13324.956591,13143.067971,12528.522969,12805.31408,13301.510506999999,13540.343283999999,13617.485200000001,14349.346623,14310.936426
Eastern Asia,Transportation and Storage,699.3269719,733.611362,766.4803157,809.1380769,838.2232062999999,878.2832788,881.1187934,929.8942956000001,974.4148094,979.2685128,883.7564001999999,925.1537039,907.5290991
Eastern Asia,"Water supply; sewerage, waste management and remediation activities",39.333910265,41.424335469999995,43.242210629999995,45.16678221,45.8043492,47.77832851,48.44806892,48.79689684,45.319875880000005,42.54322699,42.295519490000004,44.50200352,44.01616874
Eastern Europe,"Agriculture, Forestry and Fishing",53.1621322,54.080587169999994,47.4305109,49.977959580000004,52.89815582000001,48.42131694,47.35570019,47.67858456,48.983312070000004,48.35701792,49.64861283,50.514213319999996,46.67746475
Eastern Europe,Construction,13.853095557,15.145853449,15.662221218,15.332539243,15.295612812,16.567704528,18.460304991,19.353292707,17.994341849999998,16.859871789,16.412462984,18.356445045,16.743298605
Eastern Europe,"Electricity, Gas, Steam and Air Conditioning Supply",1261.6913296999999,1285.9975608,1287.9868924,1203.6335635,1165.7019842,1122.4949108,1118.48571,1103.6482355,1126.5747176,1079.4160513,1046.540844,1127.5562335,1114.8149627000003
Eastern Europe,Manufacturing,591.3899428999999,619.7814619000001,628.0067285,624.0153244,605.6570713,594.2068360000001,603.9037955,628.8074582,631.0772211,628.5712980000001,613.7993657999999,626.8764431,569.3953456
Eastern Europe,Mining,93.32270237,95.3088947,100.68696897000001,91.81650132000001,92.11257819,90.81404796,97.6379911,100.1288676,102.54065157,113.64887516,120.36234554,134.23107677000002,137.05108021
Eastern Europe,Other Services Industries,87.8429644,90.29226612,91.24774545999999,77.41379913,77.23247156999999,78.34024614,100.86731544999999,100.35072914,90.9001205,98.98127775,105.42929004000001,94.89408101000001,91.25548469
Eastern Europe,Total Households,342.80597129,347.00858007000005,341.58937161,351.99734184,348.10089889000005,360.77626467,364.9664155,384.04774914000006,413.47550529,408.72357656,353.29859411,371.05759194,349.50535684
Eastern Europe,Total Industry and Households,2701.0716914,2773.678959,2760.1012322,2664.2272113999998,2612.8620359,2582.4032911,2601.4960005,2648.0611286,2702.9965507,2655.4335155,2518.6859941,2657.1839560999997,2554.1851590999995
Eastern Europe,Transportation and Storage,253.86084155999998,262.74031107,244.32050386,246.68829725999998,252.81335271999998,267.59241090000006,246.08939119000001,259.87999248,266.88817957,256.89999064,209.33994966,229.59128317,224.85278886999998
Eastern Europe,"Water supply; sewerage, waste management and remediation activities",3.1427114929999997,3.323443655,3.170289128,3.351884922,3.049910484,3.1895530869999997,3.729376727,4.166219328,4.562500996,3.975556546,3.8545292059999996,4.106588243999999,3.8893766640000003
Emerging and Developing Economies,"Agriculture, Forestry and Fishing",285.51169744000003,297.27340974000003,283.70743754,293.17156825999996,294.8281445,299.96180339,299.03164324,301.2577283,301.020392,297.75422724,304.04480314,316.53370831,316.76760131000003
Emerging and Developing Economies,Construction,417.36480170000004,437.64232979999997,441.3072784,445.9135637,449.9713808,443.9544112,429.3096505,425.4900013,434.88421289999997,435.0834088,433.4752223,460.0556984,466.2773817
Emerging and Developing Economies,"Electricity, Gas, Steam and Air Conditioning Supply",7625.421306,8232.488894,8612.278761,8877.933174000002,9114.793436,8966.46542,9144.126997,9549.386319,10049.629092000001,10221.59954,10108.208633,10878.448584,11008.131745
Emerging and Developing Economies,Manufacturing,6479.520423,6852.7451249999995,7013.005784999999,7144.021744,7253.382788,7155.648728,7115.8770460000005,7196.9665239999995,7382.588572000001,7510.092804,7491.653584000001,7793.202052,7738.829854
Emerging and Developing Economies,Mining,1271.2968416,1316.3441274,1355.6274543999998,1363.3514401,1396.4155563,1376.3675555,1345.7158825999998,1344.4639728,1379.5520850999999,1399.220944,1395.9171795999998,1474.8515011,1489.0228745999998
Emerging and Developing Economies,Other Services Industries,432.691892,439.8952614,455.6129671,458.48917030000007,460.6075091,496.2072371,525.3043084999999,533.2959222000001,507.08420630000006,490.60748839999997,483.848253,481.4482954,482.1572401
Emerging and Developing Economies,Total Households,2125.3649407000003,2227.8793655,2326.2119851,2405.0105081,2454.699131,2499.8209861,2550.3914234000003,2632.9260854,2683.6412609999998,2669.9240938999997,2461.7948162,2614.5299736999996,2677.836548
Emerging and Developing Economies,Total Industry and Households,20738.238551,22010.136062999998,22776.862218,23361.151033,23882.068631000002,23777.087853999998,23983.140981,24662.762828,25495.146529,25771.66099,25074.876338,26574.923600000002,26831.839019
Emerging and Developing Economies,Transportation and Storage,2011.376202,2113.5375909,2193.8449904999998,2275.2435518,2359.0574792,2438.2144981,2470.6349490000002,2573.8330665999997,2654.3567704999996,2648.9504311,2298.8516511999997,2450.748323,2546.0251866
Emerging and Developing Economies,"Water supply; sewerage, waste management and remediation activities",89.69044670000001,92.32996092,95.26555723,98.01631411000001,98.3132084,100.44721445,102.74908044,105.14320839999999,102.38993754,98.42805264,97.08219317,105.10546355999999,106.79058781999998
Europe,"Agriculture, Forestry and Fishing",137.83723666999998,138.51726796,129.5911232,132.22072636,135.42205074,130.46883131,129.47436012,128.87439211000003,130.92502659,129.36451574,131.42122058,134.19649981,124.01811078999998
Europe,Construction,69.6921893,71.33252052,70.78241366,69.55157015,68.70784697,70.97046173,73.80293745,75.65849435,75.0576638,73.69883248,68.67118162,76.56322843000001,72.11338606
Europe,"Electricity, Gas, Steam and Air Conditioning Supply",2262.5784788,2266.8833119,2288.6936521000002,2154.3093026,2037.0775826,1954.3637186,1913.8993245,1882.8939305,1849.3276005999999,1699.9858456,1569.6754743,1694.0156188,1701.4140987
Europe,Manufacturing,1429.5043386000002,1432.159783,1406.3212565,1391.3270181,1360.047181,1351.7574042,1357.3922726,1390.8901796,1384.9633004,1363.9883289,1306.4189495,1354.3066429,1251.1513730000001
Europe,Mining,165.26402152,163.75041945,158.18205014,149.19904769,147.51392039,144.70972536,150.60194621,153.35053757000003,157.99608589000002,168.4069458,169.14405103,182.70915277,183.05526239
Europe,Other Services Industries,345.06809967,325.89724737,325.19139978,314.77892411999994,289.34048878,295.17435982,318.97146527999996,318.95166229,307.13595014,313.89429483,302.32815551,305.98256008,291.16181262
Europe,Total Households,1237.433723,1176.3664476000001,1169.8245146,1184.4197027999999,1125.5595171999998,1156.8025147999997,1170.1695975,1178.8637691,1199.6238105000002,1192.5250935,1060.644768,1116.1024581,1079.8009852999999
Europe,Total Industry and Households,6446.28882,6382.089027,6327.6143090000005,6163.054709,5929.690973999999,5913.973033,5902.076432,5954.0877310000005,5960.134601000001,5789.436861,5265.21141,5576.063975,5445.476839000001
Europe,Transportation and Storage,755.4759521999999,765.0606125,737.200981,725.4351263000001,725.7926544,769.3121805000001,745.4109122,781.3341751,811.2564562,803.7520482,614.1507268,669.4417837,701.5311706
Europe,"Water supply; sewerage, waste management and remediation activities",43.434780059999994,42.12141637,41.82691865,41.813290890000005,40.229731712,40.413837438,42.35361582,43.270590940000005,43.84870642999999,43.82095578,42.756883288,42.746030250000004,41.23063943
G20,"Agriculture, Forestry and Fishing",393.14619272,401.55334499,390.18729953999997,394.32949227999995,397.28573606,406.13294690000004,394.57462112999997,396.19863824,391.92699134,390.30705632,390.29441263,399.23921196000003,391.36419643
G20,Construction,665.3443446,660.7187604000001,667.104505,677.1469784,681.7470274,692.1200458000001,686.9367745999999,677.8966678,690.0071655,698.9846525,695.2654327,723.58926,735.6215294
G20,"Electricity, Gas, Steam and Air Conditioning Supply",10517.361932,11018.210251,11260.829493,11445.411591,11525.366010000002,11196.601279,10956.196081,11203.535698,11589.154523,11429.357460000001,11089.784016,11936.521599000002,12122.18621
G20,Manufacturing,7730.858528,8075.0501,8166.508087,8297.125308,8357.369265,8259.319174,7901.575569,7939.225686,8090.347193,8196.991507,8070.143857000001,8370.138179,8304.470207
G20,Mining,1222.6824627,1284.5425329,1300.9806736,1316.5281189,1337.4686229999998,1305.4629149,1245.384292,1260.5273085,1318.4610621000002,1356.0035501,1325.1948131,1385.3059538,1407.0479515
G20,Other Services Industries,1386.8733206,1351.5078532999999,1337.7211638999997,1379.0551176999998,1376.1007036,1443.3842656,1398.2297286,1412.5366746999998,1427.0385081,1426.3374364000001,1342.54302,1397.1792146000003,1409.0340388999998
G20,Total Households,3603.9193174,3606.5765268000005,3631.7173942,3732.4656333000003,3734.6847296,3785.0344582,3749.7388261,3797.9317655,3872.6593458999996,3835.6273757999998,3456.920611,3657.9748172000004,3679.1879558
G20,Total Industry and Households,28397.027758000004,29352.003134000002,29750.746815,30299.610499,30520.495186,30310.082873,29564.159174999997,30049.847972,30846.387446,30801.423917000004,29316.42773,31024.17849,31328.782288999995
G20,Transportation and Storage,2753.778026,2829.9738112,2868.8661991,2927.9982867000003,2980.6820141,3089.9422155,3096.2907141,3223.6608798,3330.9705009,3335.2749765000003,2816.6300213,3021.3602705,3146.1779769
G20,"Water supply; sewerage, waste management and remediation activities",123.06363353,123.86995309,126.83200069,129.54997248,129.79107599,132.08557295,135.23257045,138.33465399,135.82215619,132.5399038,129.65154576,132.86998394,133.69222248
G7,"Agriculture, Forestry and Fishing",128.69116252,127.91636418,128.54237971,126.18247346,128.48334483,131.47934991,132.71926519000002,134.14076617,132.53033366,133.22022302,129.2405168,132.24058667,130.29800924
G7,Construction,286.09457953,262.93160014,269.56617360999996,277.06810225,269.83519314,284.67867823000006,306.2471657,304.22984040999995,308.53041487,315.81639771,314.13191359,322.48927615,329.45638355
G7,"Electricity, Gas, Steam and Air Conditioning Supply",3455.9056512,3391.0516823,3331.8958029,3328.8615995000005,3238.3693333,3066.8051505999997,2940.5569811,2820.1640499000005,2759.108319,2536.7040904,2304.5823079,2453.0365522,2472.3257558
G7,Manufacturing,1864.7056572000001,1864.2218719,1841.6676062000001,1850.39571,1822.0058975,1795.5976782,1759.4765392999998,1750.5886813000002,1761.8901886,1735.4172576,1604.7245868999998,1666.5953456000002,1650.3553173
G7,Mining,236.66507866999999,251.79176605,251.11752611999998,262.52006272999995,266.5160308,242.93582059,215.74861183000002,234.49826223,260.28976186,261.48785391,224.38283694999998,226.38097256999998,225.13480069
G7,Other Services Industries,979.6918296,940.2094831,904.3415173,948.949748,951.290388,982.849572,959.6549042,970.8734658,1012.7936523000001,1017.2640249000001,934.6059765,985.1184615,1002.2525618
G7,Total Households,1852.1248730000002,1791.6063403,1749.7278148999999,1795.9892792,1783.6808211,1767.3678196,1760.1511456,1754.1501689,1794.6020554000002,1789.1882721000002,1574.9272707999999,1680.3066435,1691.6225175
G7,Total Industry and Households,9971.517170000001,9788.181794,9627.116238,9754.944748,9616.643023,9453.790139,9266.932376,9198.589723000001,9296.356162,9061.993202,8147.979678,8619.315486,8715.871020999999
G7,Transportation and Storage,1115.9114957,1108.248096,1100.8093863,1115.4979168,1107.7137478,1133.326498,1142.1793676,1178.5527995000002,1214.1577538,1219.7238123,1009.9352716,1101.5930173,1162.7274529
G7,"Water supply; sewerage, waste management and remediation activities",51.72684209,50.20458969,49.44803089,49.47985739000001,48.74826625,48.749571370000005,50.19839669,51.39168864,52.453682279999995,53.17127058,51.448996470000004,51.55463107,51.69822245
Latin America and the Caribbean,"Agriculture, Forestry and Fishing",26.486795971,28.937102739,28.832756398999997,30.083644878999998,30.237205511,29.081668077,31.082315855999997,30.886839488,31.012880661999997,31.58732423,33.459543888,35.433841457,37.126554692
Latin America and the Caribbean,Construction,27.191656468999998,28.651622754,27.654520216,28.162693561,26.962255159999998,26.346531306,24.448638487000004,25.194462898,23.795638783999998,22.915264962000002,20.911718976,22.064151214,22.278312593999996
Latin America and the Caribbean,"Electricity, Gas, Steam and Air Conditioning Supply",374.43425351999997,388.01682119,434.3656823,443.5841802,458.02808569999996,465.45112530000006,446.0460888,433.7653449,409.13833867,403.25506978000004,350.24833989,392.56941939,358.60330434
Latin America and the Caribbean,Manufacturing,496.4474016,516.4532723,531.9940093,525.2168369000001,515.1744371,489.17007639999997,470.5711918,488.38321110000004,462.53310839999995,454.3994706,421.50145425999995,442.4697852,441.88108079999995
Latin America and the Caribbean,Mining,94.4321552,98.17049062000001,109.94595583,113.15880600999999,113.24758996,109.30045787999998,101.9842618,97.20725184000001,96.63524892000001,97.21590487,92.94990956999999,97.1240789,97.21606867
Latin America and the Caribbean,Other Services Industries,36.549455118,37.342172653,38.234020866,39.086000292,37.907119741,38.927987919,39.586686145,40.60073849700001,39.893705911,39.548423025,35.799925809,38.641301621000004,41.39171996
Latin America and the Caribbean,Total Households,341.16521189,353.12708229,365.42598295999994,372.41498181,375.18088395000007,372.3605698,373.94151102,375.01482292000003,363.42814411,365.09990893,316.81204021,356.69531365,388.25509187
Latin America and the Caribbean,Total Industry and Households,1768.5320428,1839.2345486,1936.0004147,1959.5707612,1964.5141204999998,1934.0875333,1894.9634469,1896.5088646000002,1828.6314477,1814.1901339,1596.3182873,1746.5055131000001,1783.1918534000001
Latin America and the Caribbean,Transportation and Storage,362.37388475,379.0173273,389.87594843,397.72367447,397.77848726999997,393.43545600000004,397.24035296999995,395.33065778,392.13450405000003,390.35938348,315.27002004,351.53301288999995,385.80372574
Latin America and the Caribbean,"Water supply; sewerage, waste management and remediation activities",9.451228342,9.518656793,9.671538317,10.139943177,9.998056211000002,10.013660535,10.062399832,10.125535015,10.059878178,9.809384067,9.365334695000001,9.97460876,10.635994737999999
Northern Africa,"Agriculture, Forestry and Fishing",8.17352247,8.368828125,8.200873586,8.343627382000001,8.396450219,8.763430212,9.323153356999999,9.498121244,10.172783036999999,10.089448536999999,9.781336809,10.474901135,10.672175773
Northern Africa,Construction,6.146156576,5.909935222,5.6338730759999995,6.049127287,5.807005670999999,5.534659634,5.75037558,6.383105626,6.6707900229999995,6.0863058809999995,5.63742022,6.501573594000001,6.6149477480000005
Northern Africa,"Electricity, Gas, Steam and Air Conditioning Supply",135.74528964,140.70162934,157.61200068000002,158.81079688,168.99299842,182.84821012999998,176.17026367,187.26046344,181.03977511,181.44395772,174.00483243,194.66566467,189.10766733000003
Northern Africa,Manufacturing,127.49728476,122.11757526999999,129.197609,127.12814756,128.23143753,123.81697296,129.43653537,142.73176883,153.55884009,133.10267401,124.50872248,140.62552977,142.30733855
Northern Africa,Mining,37.720320317,33.43928683,46.31329202,44.51089098,43.437576799999995,42.69939414,41.227012679999994,44.904311109999995,46.651528459999994,46.64564982,41.203797111,47.14611806,46.98974329
Northern Africa,Other Services Industries,11.470634872,11.748129115,12.415419625,12.065458715,11.988132018,12.502087751000001,12.793522954000002,13.305901588,14.375924441,14.802564954000001,14.398552113000001,15.908458817000001,16.244680081
Northern Africa,Total Households,85.99197797,87.26556375000001,95.38065993,96.61478246,100.64765034999999,102.72811053000001,106.53901746000001,106.62185876000001,109.66708383,109.35141498,103.88061977999999,114.66038556000001,122.65330893
Northern Africa,Total Industry and Households,499.8069641,496.1269826,548.5528248,548.696901,567.0235036,580.1457263,586.3173704999999,615.7908368,629.4767384,607.2583393,570.2976053,636.8634884,650.4753261
Northern Africa,Transportation and Storage,83.79899622,83.23417230000001,90.26791218,91.74223461,96.11232211000001,97.6967401,101.43836876,101.30052107,103.25096455,101.52595027,92.78661656,102.35590686,111.26484082000002
Northern Africa,"Water supply; sewerage, waste management and remediation activities",3.262781305,3.341862625,3.531184714,3.431835109,3.4099305490000003,3.556120872,3.639120673,3.7847851720000003,4.089048865,4.210373091999999,4.095707795999999,4.524949846999999,4.620623559
Northern America,"Agriculture, Forestry and Fishing",65.67658460999999,65.41423963,67.89785828000001,66.75066973,68.38677062,69.07133563,69.31462731,71.21238718000001,72.23037055,72.52120784,68.14092192999999,69.83642795,70.90764392000001
Northern America,Construction,243.07395685,218.53960681,225.48062428999998,233.50843705,226.6690542,239.80577639999998,260.72282952,258.30613653,262.70352269,270.37537848,271.85930206999996,274.87913027,283.60702403
Northern America,"Electricity, Gas, Steam and Air Conditioning Supply",2390.0334499,2284.0176766,2145.0680866,2158.0668001999998,2156.1701661,2031.1196183,1929.5339747,1848.0033996,1859.6333416,1715.6908518999999,1543.4294333,1645.3348947999998,1640.2684556
Northern America,Manufacturing,935.1913053000001,955.442278,955.9041761999999,969.3390762,961.3541603,941.0410996,926.7890788,920.1211372999999,940.4520749,940.8986785999999,873.8111352,890.4040844000001,905.6137601
Northern America,Mining,196.49982641,213.08325385999999,221.17485336,233.01553159,239.18876406,214.00818696,187.31490722,205.95337594,229.31128533000003,230.80244197,197.92721389000002,201.51062646999998,201.87563758
Northern America,Other Services Industries,719.0362058999999,696.7565678,665.9677247,699.785795,725.7119071999999,755.1601698000001,731.1930334000001,742.6612777,781.427962,790.2000012,723.7955782,765.9110858,791.4152997
Northern America,Total Households,1091.5415479,1075.824685,1026.1301244,1072.3377931,1107.647293,1077.67501,1065.5642063,1065.5053124,1121.6496553,1117.3071097000002,959.6670483,1047.1921517,1067.3304041000001
Northern America,Total Industry and Households,6412.09217,6278.271194000001,6068.650861,6213.378530999999,6264.227415,6123.300297,5979.733077,5950.134239,6132.652975,6017.463467,5397.408597,5722.488377,5830.697187
Northern America,Transportation and Storage,747.5855665999999,745.5620873,737.8581311999999,757.0269227,754.7261576,770.9590284,784.3544615999999,812.4270814999999,838.5129971000001,852.6044785,733.0463532,801.3592074,842.4742648
Northern America,"Water supply; sewerage, waste management and remediation activities",23.453725581,23.630798666000004,23.169283075,23.547505233000003,24.373143041999995,24.460071986000003,24.945958067,25.944130747,26.731765268,27.063319437,25.731611426999997,26.060767160999998,27.204697612000004
Northern Europe,"Agriculture, Forestry and Fishing",18.248058137999998,18.025068729,17.696211623000003,17.719617366999998,17.663254538,17.655948674,18.452158767999997,18.351493062,18.615111929,18.551839041,17.902004255999998,19.401079134,18.864051434
Northern Europe,Construction,19.311117592000002,18.484493917,19.224341768,18.464688105,18.855380642,19.86886603,20.472343366,21.115494876,21.663879203,21.060454464,19.381704735,20.745611768,19.577053981
Northern Europe,"Electricity, Gas, Steam and Air Conditioning Supply",265.35806615,238.26287335,243.59133142,238.61533085,209.14948307999998,184.48600016,170.03100407,155.31349812,149.31797787,129.57786421,113.83458916000001,126.19256134,125.8871125
Northern Europe,Manufacturing,158.82593615000002,155.56852894,150.04093794,151.04741660999997,149.9382872,148.08447634,141.89194845000003,143.64662279,143.32285193,141.04796106,134.91516656,137.425605,129.72319788
Northern Europe,Mining,40.819859171000004,37.846798158,36.081619352000004,35.69706232,36.621866742,38.560690748,37.819513162999996,37.605494715000006,37.020766169,36.675313691999996,33.885486080999996,33.372360814000004,31.600458042
Northern Europe,Other Services Industries,55.44638455,51.49088341,52.532653530000005,52.209364879999995,48.8511738,49.85636132,50.967238460000004,50.197443279999995,49.794725910000004,49.13036756,44.15559901,46.583251680000004,44.60300325
Northern Europe,Total Households,203.43029626999999,181.93373105,187.13915255,187.39999322,173.30597146,177.49832978,180.41957979,177.13517945,178.78545455,175.45465890000003,165.33082723,175.81670592999998,176.75288847000002
Northern Europe,Total Industry and Households,945.2407887,896.0218148,893.5187959000001,882.6288630000001,838.9769574999999,834.3507092000001,819.5776449,804.2508632,813.6725725,786.3256471999999,683.998701,723.5342087,724.1451705999999
Northern Europe,Transportation and Storage,178.62499554,189.2664623,181.86833352,175.86528072000002,178.69445778,192.14354515,192.7571623,193.68426479,207.64873921999998,207.30726011999997,146.93839468000002,156.3755703,169.81447864
Northern Europe,"Water supply; sewerage, waste management and remediation activities",5.176075132,5.142974958,5.3442141009999995,5.610108931999999,5.8970823690000005,6.1964909729999995,6.766696579,7.20137215,7.503065844,7.519928200000001,7.654929247,7.621462682000001,7.322926374000001
Oceania,"Agriculture, Forestry and Fishing",11.438508091,11.68119197,11.859650723000001,11.992419398,12.353866015,12.745925859,13.118013635,13.838580825,13.782087074,12.711626812,12.051046693,11.733840058,11.960895116
Oceania,Construction,2.813866472,2.818616143,2.78545406,2.740046527,2.8468168209999996,3.142555699,3.410140404,3.761237739,4.341101835,4.285015715,3.953972415,4.1690945070000005,3.9848030359999997
Oceania,"Electricity, Gas, Steam and Air Conditioning Supply",218.90208256,212.13710312,215.26341177,202.79631878,196.39896532999998,204.20284900000001,209.50678627,205.34454241999998,200.46820896000003,197.84338386000002,189.97573090999998,181.38986849999998,175.21479064000002
Oceania,Manufacturing,76.22379481,76.77828524,74.96458706,75.58382431,75.85015966,71.27283093,68.56210962,67.78224454,68.60104602,67.85871005000001,65.07257997,64.38086859,63.781543510000006
Oceania,Mining,22.624456933999998,23.421946272,25.130624234,27.529728413,29.287897641,30.265061313,33.84420817,39.918936363,44.70525972,51.378286810000006,49.449034440000005,47.86178879,47.523460650000004
Oceania,Other Services Industries,5.2939498050000005,5.244802689,5.319310878,5.412330417000001,5.775867622,5.806282126,6.097305153000001,5.8813155649999995,5.805911646,5.793574781999999,5.770650206000001,5.760147791,5.880945132
Oceania,Total Households,60.728047509999996,61.5737493,62.025743989999995,61.07280367,61.27101406,63.94882973000001,64.76916522,65.70324077000001,65.72263654999999,65.69473261,59.7274186,60.89222429,64.36511804
Oceania,Total Industry and Households,473.6974563,472.08114420000004,476.2959417,466.06242530000003,464.1464049,473.6296872,482.8542147,488.0645878,491.50597000000005,492.7050074,462.2630715,454.3462095,458.3939939
Oceania,Transportation and Storage,74.48053869,77.18595948000001,77.66474445,77.62581892,78.95858668999999,80.78778986,82.04507525,84.34746272,86.58724597,85.69577868,74.85843711000001,76.77565037,84.24035342
Oceania,"Water supply; sewerage, waste management and remediation activities",1.1922115169999998,1.239489937,1.282414545,1.3091348369999998,1.403231026,1.4575627759999998,1.501411015,1.487026738,1.4924722469999998,1.443898125,1.4042012,1.382726661,1.4420844160000001
Other Oceania sub-regions,"Agriculture, Forestry and Fishing",0.09365944600000001,0.10534896099999999,0.10707631599999999,0.122999263,0.150418011,0.18961310400000003,0.208859622,0.191963948,0.175276073,0.18399317,0.162625604,0.169634013,0.17240212100000002
Other Oceania sub-regions,Construction,0.207947388,0.214395541,0.19781943300000002,0.217011781,0.25591799,0.250820896,0.26870253,0.269317045,0.37206997399999997,0.36874140499999997,0.273252041,0.28214276000000005,0.28211507
Other Oceania sub-regions,"Electricity, Gas, Steam and Air Conditioning Supply",3.6372897589999997,3.247754764,3.251057212,3.277871068,4.096975153,4.210050368,4.633948152,4.486826467,5.102061433,5.377264277,3.91491896,4.0580865170000004,4.092299509
Other Oceania sub-regions,Manufacturing,2.055491419,2.101696422,1.972183109,2.162474725,2.547889092,2.5430403019999996,2.741722714,2.6385019009999997,3.527264031,3.475767051,2.619443948,2.7062041809999995,2.702430974
Other Oceania sub-regions,Mining,0.522107339,0.531265411,0.536867859,0.5849072270000001,1.103370285,0.71884291,0.7933109850000001,0.7114904169999999,0.941878357,0.913179811,0.7302861450000001,0.76959647,0.802033134
Other Oceania sub-regions,Other Services Industries,0.22369977200000002,0.251617951,0.25574883000000004,0.293779294,0.35931801900000004,0.45288264500000003,0.498854734,0.458492042,0.41863437400000003,0.43945117300000003,0.388422154,0.405163241,0.411778627
Other Oceania sub-regions,Total Households,3.0198503370000003,2.986626691,3.800836245,3.271745208,3.0555457210000005,3.524191436,3.5929540490000003,3.577298267,3.5989638200000003,4.038055407,3.041555272,3.1733386240000003,3.2257925640000003
Other Oceania sub-regions,Total Industry and Households,14.371320321999999,14.431470137,15.370128103999999,14.504452856,16.06751627,16.436191686999997,17.433981167,17.452151891,19.22182272,19.989088492,14.864090946,15.425819305000001,15.727165773000003
Other Oceania sub-regions,Transportation and Storage,4.546848235,4.92038533,5.174972838,4.4892848359999995,4.395082637,4.417133501,4.5529416529999995,4.987026904,4.965750184,5.066769507,3.622207938,3.7454973639999998,3.920259609
Other Oceania sub-regions,"Water supply; sewerage, waste management and remediation activities",0.064426627,0.072379066,0.073566262,0.084379449,0.10299936400000001,0.129616526,0.142686728,0.13123490000000002,0.119924471,0.125866692,0.11137888400000001,0.116156135,0.118054163
South-eastern Asia,"Agriculture, Forestry and Fishing",19.165898677999998,19.436591943000003,21.002242223,21.675263465,21.487160090000003,22.224441253000002,22.218992531,23.910941508999997,24.207444300999995,22.791687734,23.078653483,23.453876060000002,24.456681453
South-eastern Asia,Construction,25.290182608000002,25.986337496999997,25.135547035000002,22.259951747000002,23.713295376999998,23.826336388999998,22.015047367,23.853381233,26.700574926999998,31.255469234,31.231909497,31.491957139,35.449202034
South-eastern Asia,"Electricity, Gas, Steam and Air Conditioning Supply",398.29652441,418.10132219999997,423.6301787,441.94292609999997,485.0982083,531.1501843,569.0295672,592.8960288999999,651.8437573,700.8823802999999,703.5522653,714.5126882,721.5888586
South-eastern Asia,Manufacturing,366.10512312000003,385.30348457,382.03946957,364.26384984000003,382.04115072999997,386.69079021,375.80557268,389.93965790000004,431.434485,477.93923529999995,469.4230575,483.7175257,520.6102387999999
South-eastern Asia,Mining,71.09228259999999,74.14620189,77.33621424,71.35667701999999,75.35517605999999,75.59986291000001,69.44509098,71.27661613,76.4852704,86.6561385,86.01553301,85.55561286,93.47510202999999
South-eastern Asia,Other Services Industries,15.955391513,16.496609239999998,17.629677946,17.787041787,17.705054227,17.522109443999998,17.302444287,18.905151664999998,18.559633167,18.396961731,17.704922192,18.117835703,19.708637073
South-eastern Asia,Total Households,159.47278359,171.14666036,184.85015449000002,194.98770152,198.706723,197.97779189,201.97193966,212.84149976,220.88665051,224.54749704,204.82528256,210.80308921,231.68473020000002
South-eastern Asia,Total Industry and Households,1238.939331,1308.6949602,1344.3777822000002,1359.1802165,1436.0395809,1494.1338771,1523.5614128,1592.8858995,1720.7222708,1837.2350407,1769.8710667,1807.6957859,1912.9820353000002
South-eastern Asia,Transportation and Storage,178.60157166,192.94470576,207.27953549,219.36713358,226.40545084000001,233.65599656,240.33765842000003,253.36027966,264.78877695,268.98474731,228.44379279,234.31868047,259.82004494
South-eastern Asia,"Water supply; sewerage, waste management and remediation activities",4.9595728590000006,5.133046723,5.4747625499999995,5.539671405,5.527362367,5.486364131,5.4350996039999995,5.902342797999999,5.815678177,5.780923575999999,5.595650179,5.724520723,6.1885402759999995
Southern Asia,"Agriculture, Forestry and Fishing",63.02869981,62.60251952,62.71558114,63.242694029999996,64.82625265,64.68838784,67.09272194,67.42558192,69.87390923,72.19520616,73.53600005,76.14287027,78.03462856
Southern Asia,Construction,47.751292400000004,52.018168089999996,51.16610964,54.314042549999996,58.03260477,58.521074260000006,61.321446550000005,65.53083992,67.18944045,64.64050058000001,60.29105447,65.55037818,67.27361038000001
Southern Asia,"Electricity, Gas, Steam and Air Conditioning Supply",1002.6437342,1045.8545961,1185.2987650999999,1213.084932,1336.8370239,1316.1403437,1314.2194362,1388.3715767,1476.1092004,1452.2464599,1341.0934763999999,1467.2541605000001,1552.9642736
Southern Asia,Manufacturing,652.1900059000001,709.2162701,729.4384834,759.7577981999999,785.9785381999999,802.1182644,847.9554624000001,906.2577523,933.1533329,921.0149189,865.035647,938.2908208,960.1952705000001
Southern Asia,Mining,135.07927269,145.65188192,148.14962744000002,155.40315906,166.43119948999998,168.17179566,181.28451733999998,194.61813238,197.64790124,186.05960241,174.26167758,194.28969171,197.68648226
Southern Asia,Other Services Industries,69.15548529,67.57280068,68.7158281,69.78533494,71.58991664,73.23810203000001,76.9810402,76.63510812,79.4973389,79.71744000999999,78.04582196,80.89079112,82.80719581
Southern Asia,Total Households,327.84737863,333.42323681,346.48256959,352.54350862,363.92735464000003,379.06513429999995,398.69993880000004,413.79622889999996,426.9548167,426.53800779999995,401.87451282999996,415.8587993,436.4798466
Southern Asia,Total Industry and Households,2597.2949830999996,2727.763146,2914.1793133,2997.0345841,3198.9881599,3232.6808794999997,3323.9255758,3507.9042876,3659.4894343,3608.0033320000002,3350.6908898,3609.6728556,3771.97308
Southern Asia,Transportation and Storage,279.93434031000004,292.20853675,302.67221293,309.05876382,331.00777447999997,349.91155381,354.48067066,373.47706724999995,386.45752787,382.92232855000003,334.35901222,348.39289183,372.98432336999997
Southern Asia,"Water supply; sewerage, waste management and remediation activities",19.664773822,19.215136102000002,19.54013586,19.84435088,20.357495229999998,20.826223504,21.890341759,21.792000035,22.605966506,22.668867807,22.193687281,23.002451752,23.547448948
Southern Europe,"Agriculture, Forestry and Fishing",26.098517843,26.649139085,26.202866775,25.745346095000002,27.302230845,26.074102664999998,26.113454922,25.765638331999998,26.100187277,25.897122133,26.352001216999998,26.507647012,25.3498504
Southern Europe,Construction,11.318898941999999,11.550464859,10.438652183999999,9.781069566,9.711033426999998,9.09746586,9.086564108000001,9.086332461,9.512777113,9.793343963999998,8.024152111,11.619900421,11.539089024999999
Southern Europe,"Electricity, Gas, Steam and Air Conditioning Supply",294.38434969,316.83528574,315.53156620000004,270.8689177,251.95019696,239.76176907999997,220.91498215000001,239.45366058000002,215.77374874,185.44241021,153.36502289,154.88365668,168.01152989
Southern Europe,Manufacturing,258.67738743,247.04799461,233.41620494,216.11591905,209.27160806999998,210.12009476,207.73100999,208.61487724,209.65592625,201.79811144,185.86097901,200.2430605,190.39967972
Southern Europe,Mining,11.869526223000001,11.876981851,9.471124693999998,10.341841332000001,8.645423124,5.828774535999999,5.858170122000001,6.348826267000001,6.825451449,6.583218298,5.954856873000001,6.425947605999999,6.348554108
Southern Europe,Other Services Industries,53.92227043,51.60952398,47.13945213,44.68735302,41.413110089999996,40.76493583,41.63008245,41.5688109,42.90311955,42.73871258,38.763800622,42.441618520000006,41.13110996
Southern Europe,Total Households,246.91830165,236.38127873000002,222.64384518999998,216.44404773000002,211.67115769999998,215.36818269,216.1738441,213.46055856,214.56322399,213.32117685999998,184.99399502,203.39503237000002,204.51523265999998
Southern Europe,Total Industry and Households,1034.7142468,1025.7582077000002,982.0354325000001,906.8531783999999,872.9610835999999,862.7267792,847.0592555999999,872.852916,857.071159,823.5812609000001,711.2806146,766.8408771,779.5865432
Southern Europe,Transportation and Storage,119.59047919,113.86476512,107.11961314,102.89347087,102.69066466999999,105.20014468,108.58271991999999,117.43659597000001,120.58507315,126.65901308,97.12366204,110.06637406,121.27527415
Southern Europe,"Water supply; sewerage, waste management and remediation activities",11.934515530999999,9.942773737,10.072107136,9.975213091,10.305658709,10.511309143,10.968427802999999,11.117615684,11.151651444,11.348152373000001,10.842144802,11.257639812999999,11.016223397000001
Sub-Saharan Africa,"Agriculture, Forestry and Fishing",5.551677826,5.533226374,6.797235272,7.947769718,7.969987441,7.425808413,7.237040895,8.982049647,7.890997111000001,7.1910815239999994,7.6675676280000005,8.045682463,8.299029547
Sub-Saharan Africa,Construction,8.41474249,8.584393341999998,8.698546405,9.109320861,9.62872518,9.365207963,9.408510237,9.206689617,10.006992397,9.831516424,9.372426817000001,9.573941526999999,9.401456395
Sub-Saharan Africa,"Electricity, Gas, Steam and Air Conditioning Supply",285.1424352,275.53139294,283.38039212,292.11019464000003,310.01013013,292.65654218000003,298.52275145,291.16881312000004,302.00188115000003,323.69394761,281.52914515,283.34487551,275.29528679000003
Sub-Saharan Africa,Manufacturing,175.28134957,175.98144125000002,180.95261222000002,185.95821456,191.94332478,193.26082989,200.62280953,201.85061645999997,210.69149416,209.49800863000002,200.29648963,207.4223747,203.04723968000002
Sub-Saharan Africa,Mining,73.95949525,71.69419401,60.997083790000005,61.96079866,62.13428048,61.74890671,60.57706395,60.410731070000004,60.1681793,59.29543466,55.89959139,54.05967692,51.76645033999999
Sub-Saharan Africa,Other Services Industries,9.244177065,10.020711206000001,12.297127230000001,12.956290517,13.35189992,12.340208514,10.875105754,13.799531472,11.714284722999999,10.188211259,9.954681852,10.298141208,10.253736277000002
Sub-Saharan Africa,Total Households,88.09495812,94.19002776,104.13428841000001,116.41740639,120.13362873999999,118.76670098,119.10474883,126.96022557,126.74157366,127.51538289,117.62050278,125.89720765000001,128.69055242
Sub-Saharan Africa,Total Industry and Households,749.0547229,750.8741052,772.8320122,814.3447035000002,847.5914315,829.6720997,842.8709820999999,854.9821388999999,874.6125882000001,896.0661726999999,812.6494963,838.8521833000001,834.3678852
Sub-Saharan Africa,Transportation and Storage,100.73065066000001,106.48220690000001,112.07012855,124.19224625,128.61400249000002,130.58961392999998,133.42069034000002,138.66917104,142.05516125999998,145.94389164,127.46615289000002,137.2690633,144.68491014
Sub-Saharan Africa,"Water supply; sewerage, waste management and remediation activities",2.635236799,2.8565114400000002,3.504598121,3.692461972,3.80545229,3.518281131,3.102261072,3.934310933,3.342024437,2.9086980369999997,2.8429380760000003,2.941220057,2.929223652
Western Asia,"Agriculture, Forestry and Fishing",19.555394518,22.033292212,10.093494241,9.040904823,9.563323871,15.294199288000002,15.986656335,16.543025335,17.260947612,17.859802858,18.231474118,18.075487137000003,17.81971588
Western Asia,Construction,28.45789583,27.257579908000004,29.361289327,30.328419166000003,30.47803817,31.121414184,30.805856271000003,29.222182259,27.670599145,28.936223892999998,28.185480841,30.016187179,30.592614612000002
Western Asia,"Electricity, Gas, Steam and Air Conditioning Supply",581.7725218,606.1195869000001,643.8265282,643.9390032,665.6315316,684.441489,702.3686309999999,727.8522378,712.4013524000001,715.7132547,701.5050965,735.5376185,754.5332955
Western Asia,Manufacturing,447.5886775,472.2350751,494.36021790000007,508.7213048,533.4631442,549.4274102,558.8019786,549.1527024,541.7868905,537.9894202,556.9642619,593.580587,603.0447355
Western Asia,Mining,95.90023361,97.09316331,101.42943839,104.68190641,109.73151150999999,113.77741598,113.83761671,112.52821404,109.01013764,112.16020591,110.90273427,115.1923826,115.921849
Western Asia,Other Services Industries,24.348551542,25.515528138,30.439290166,34.64609987,33.169183864,56.428053510000005,57.14739119,56.7258706,52.64191192,53.490857809999994,51.87937212,53.64641666,51.96928732
Western Asia,Total Households,213.64609191,228.37630706,241.70865641,239.39915315000002,241.16845597,223.66260014,229.07710993,241.83719916,240.33857129,245.89144851000003,231.88893431,243.02674706000002,254.16467826
Western Asia,Total Industry and Households,1593.6701244,1670.168807,1756.1026514999999,1773.2404083,1837.4798909,1892.6133082000001,1931.4635849000001,1962.7802184,1929.1579217,1939.5414462999997,1895.5260736,2000.2747832999999,2058.4819304000002
Western Asia,Transportation and Storage,178.75958742,187.76716104000002,201.02565656000002,198.89306436,210.87768093,215.10153177,219.94445305,225.39426902000002,224.17975537,223.48491152000003,192.12864445,207.1077633,226.21435257000002
Western Asia,"Water supply; sewerage, waste management and remediation activities",3.641170272,3.771113432,3.858080327,3.5905526549999998,3.3970206629999997,3.359194095,3.493891917,3.524517721,3.8677557250000003,4.015320987,3.840074991,4.091593927,4.221401733
Western Europe,"Agriculture, Forestry and Fishing",40.32852849,39.762472976000005,38.26153390899999,38.777803312,37.558409544,38.317463026,37.553046249000005,37.078676163,37.226415314,36.558536649000004,37.518602272,37.773560336,33.12674421
Western Europe,Construction,25.209077218999997,26.151708300000003,25.457198488000003,25.973273241,24.845820090999997,25.436425313,25.783724983,26.103374302,25.886665639999997,25.985162266,24.852861792,25.841271201,24.253944446
Western Europe,"Electricity, Gas, Steam and Air Conditioning Supply",441.1447332,425.7875921,441.5838619,441.19149050000004,410.27591831999996,407.62103841000004,404.4676283,384.47853627999996,357.66115631,305.54951995,255.9350182,285.38316713999995,292.70049341000004
Western Europe,Manufacturing,420.61107219999997,409.76179749999994,394.85738522,400.14835791999997,395.18021436,399.34599706,403.86551860000003,409.82122130000005,400.9073011,392.57095849999996,371.84343818,389.76153437,361.63314969000004
Western Europe,Mining,19.251933736,18.717744753,11.942337131,11.343642716,10.134052353,9.506212133,9.286271818,9.267349007,11.609216707000002,11.499538667000001,8.941362532,8.679767578,8.055170024
Western Europe,Other Services Industries,147.85648028,132.50457387,134.27154867,140.46840713,121.84373332999999,126.21281653,125.50682891,126.83467898,123.53798417,123.04393693,113.97946582,122.06360885000001,114.17221472
Western Europe,Total Households,444.2791539,411.04285775000005,418.45214519999996,428.5783200999999,392.48148921999996,403.1597378,408.6097581,404.22028199,392.7996266,395.02568122,357.0213515,365.83312798,349.02750737
Western Europe,Total Industry and Households,1765.2620929,1686.6300453,1691.9588493,1709.3454564,1604.8908964999998,1634.4922543,1633.9435305000002,1628.9228234,1586.3943184,1524.0964372,1351.2461007,1428.5049330999998,1387.5599657999999
Western Europe,Transportation and Storage,203.39963593000002,199.18907407,203.89253043,199.9880775,191.59417922,204.3760798,197.98163870999997,210.33332181,216.13446435999998,212.88578432000003,160.74872039000002,173.40855617,185.58862888
Western Europe,"Water supply; sewerage, waste management and remediation activities",23.181477909999998,23.712224028,23.24030829,22.876083939,20.977080145,20.51648423,20.88911471,20.785383787,20.631488149,20.977318654999998,20.405280036,19.760339516,19.002112995
World,"Agriculture, Forestry and Fishing",480.9121976,490.19778140000005,477.54689129999997,484.669036,487.2418817,494.9277121,488.04625,492.05626170000005,490.61370020000004,486.9548716,488.81609879999996,504.77521509999997,499.4025872
World,Construction,741.1872576000001,737.6484621999999,746.2416026,757.988222,762.8231394999999,772.2773855999999,766.2675535000001,761.316284,775.659343,783.1555416000001,778.5727985999999,814.8154010000001,826.2808449
World,"Electricity, Gas, Steam and Air Conditioning Supply",12164.412604000001,12710.910649000001,13027.9625,13242.387814000002,13360.749333,13051.009863000001,12852.850729,13151.20693,13564.144477000002,13454.160165,13044.289007,13968.194346,14109.013672000001
World,Manufacturing,9064.068467,9448.988309,9573.764045,9726.855935,9813.256833,9684.964922000001,9357.412497,9434.475456,9626.890675999999,9721.510583,9547.136305,9927.244207,9830.992233
World,Mining,1576.196828,1635.1590071,1675.0949034,1697.9234084,1736.2820551,1692.7896545,1637.4677478,1661.2220091999998,1725.3188521000002,1751.7374269000002,1707.0312331,1787.5981241,1798.6782354
World,Other Services Industries,1548.4125712,1507.7950026,1492.2969588,1537.6213168999998,1533.5180265000001,1605.5470427999999,1565.33887,1584.8568494,1600.9816898000001,1587.9819398,1491.7804572999999,1544.2084751,1558.4284513999999
World,Total Households,4433.673093,4451.38523,4496.159318,4617.552371,4635.678742,4679.490409,4677.167476,4753.219937,4841.862648,4819.264291,4364.952538,4640.263561,4710.66867
World,Total Industry and Households,33671.296839999995,34747.338641999995,35314.593067,35980.447011,36323.18346,36107.095479,35496.221717,36149.571035,37065.885329,37050.517853,35224.444967,37257.656362,37590.882753
World,Transportation and Storage,3506.1430475,3607.6537243,3665.6113139,3752.7163839000004,3830.9958204,3961.1077142,3982.4272332,4138.07367,4268.9427319999995,4277.407566,3637.0944335000004,3897.7524028000003,4083.068475
World,"Water supply; sewerage, waste management and remediation activities",156.29077207,157.60047662,159.9155333,162.73252487,162.63762635,164.98077707,169.24336233,173.14363758000002,171.47121008,168.34546792,164.77209325,172.80463193,174.34958475000002
